parameter,location,species,year,datavalue
Recruits,Bella Coola-Dean Rivers,Chum,1954,382726
Recruits,Bella Coola-Dean Rivers,Chum,1955,204222
Recruits,Bella Coola-Dean Rivers,Chum,1956,187333
Recruits,Bella Coola-Dean Rivers,Chum,1957,249421
Recruits,Bella Coola-Dean Rivers,Chum,1958,321246
Recruits,Bella Coola-Dean Rivers,Chum,1959,470630
Recruits,Bella Coola-Dean Rivers,Chum,1960,496471
Recruits,Bella Coola-Dean Rivers,Chum,1961,149438
Recruits,Bella Coola-Dean Rivers,Chum,1962,232220
Recruits,Bella Coola-Dean Rivers,Chum,1963,200179
Recruits,Bella Coola-Dean Rivers,Chum,1964,393600
Recruits,Bella Coola-Dean Rivers,Chum,1965,246036
Recruits,Bella Coola-Dean Rivers,Chum,1966,386231
Recruits,Bella Coola-Dean Rivers,Chum,1967,195327
Recruits,Bella Coola-Dean Rivers,Chum,1968,375005
Recruits,Bella Coola-Dean Rivers,Chum,1969,456822
Recruits,Bella Coola-Dean Rivers,Chum,1970,311550
Recruits,Bella Coola-Dean Rivers,Chum,1971,238063
Recruits,Bella Coola-Dean Rivers,Chum,1972,366969
Recruits,Bella Coola-Dean Rivers,Chum,1973,222911
Recruits,Bella Coola-Dean Rivers,Chum,1974,137684
Recruits,Bella Coola-Dean Rivers,Chum,1975,255223
Recruits,Bella Coola-Dean Rivers,Chum,1976,280367
Recruits,Bella Coola-Dean Rivers,Chum,1977,208538
Recruits,Bella Coola-Dean Rivers,Chum,1978,254988
Recruits,Bella Coola-Dean Rivers,Chum,1979,386359
Recruits,Bella Coola-Dean Rivers,Chum,1980,292831
Recruits,Bella Coola-Dean Rivers,Chum,1981,686041
Recruits,Bella Coola-Dean Rivers,Chum,1982,1376926
Recruits,Bella Coola-Dean Rivers,Chum,1983,794928
Recruits,Bella Coola-Dean Rivers,Chum,1984,788410
Recruits,Bella Coola-Dean Rivers,Chum,1985,521970
Recruits,Bella Coola-Dean Rivers,Chum,1986,790910
Recruits,Bella Coola-Dean Rivers,Chum,1987,355136
Recruits,Bella Coola-Dean Rivers,Chum,1988,277602
Recruits,Bella Coola-Dean Rivers,Chum,1989,387899
Recruits,Bella Coola-Dean Rivers,Chum,1990,727522
Recruits,Bella Coola-Dean Rivers,Chum,1991,767140
Recruits,Bella Coola-Dean Rivers,Chum,1992,511076
Recruits,Bella Coola-Dean Rivers,Chum,1993,506419
Recruits,Bella Coola-Dean Rivers,Chum,1994,847379
Recruits,Bella Coola-Dean Rivers,Chum,1995,516459
Recruits,Bella Coola-Dean Rivers,Chum,1996,299558
Recruits,Bella Coola-Dean Rivers,Chum,1997,403138
Recruits,Bella Coola-Dean Rivers,Chum,1998,570746
Recruits,Bella Coola-Dean Rivers,Chum,1999,885311
Recruits,Bella Coola-Dean Rivers,Chum,2000,829623
Recruits,Bella Coola-Dean Rivers,Chum,2001,430068
Recruits,Bella Coola-Dean Rivers,Chum,2002,405183
Recruits,Bella Coola-Dean Rivers,Chum,2003,324972
Recruits,Bella Coola-Dean Rivers,Chum,2004,118083
Recruits,Bella Coola-Dean Rivers,Chum,2005,88777
Recruits,Bella Coola-Dean Rivers,Chum,2006,64301
Recruits,Bella Coola-Dean Rivers,Chum,2007,246592
Recruits,Bella Coola-Dean Rivers,Chum,2008,290450
Recruits,Bella Coola-Dean Rivers,Chum,2009,421480
Recruits,Bella Coola River-Late,Chum,1954,341184
Recruits,Bella Coola River-Late,Chum,1955,194773
Recruits,Bella Coola River-Late,Chum,1956,166770
Recruits,Bella Coola River-Late,Chum,1957,115227
Recruits,Bella Coola River-Late,Chum,1958,228017
Recruits,Bella Coola River-Late,Chum,1959,343301
Recruits,Bella Coola River-Late,Chum,1960,365023
Recruits,Bella Coola River-Late,Chum,1961,110453
Recruits,Bella Coola River-Late,Chum,1962,144002
Recruits,Bella Coola River-Late,Chum,1963,112632
Recruits,Bella Coola River-Late,Chum,1964,208371
Recruits,Bella Coola River-Late,Chum,1965,101368
Recruits,Bella Coola River-Late,Chum,1966,273684
Recruits,Bella Coola River-Late,Chum,1967,121702
Recruits,Bella Coola River-Late,Chum,1968,294251
Recruits,Bella Coola River-Late,Chum,1969,356454
Recruits,Bella Coola River-Late,Chum,1970,202949
Recruits,Bella Coola River-Late,Chum,1971,103327
Recruits,Bella Coola River-Late,Chum,1972,321767
Recruits,Bella Coola River-Late,Chum,1973,194665
Recruits,Bella Coola River-Late,Chum,1974,115025
Recruits,Bella Coola River-Late,Chum,1975,191228
Recruits,Bella Coola River-Late,Chum,1976,189657
Recruits,Bella Coola River-Late,Chum,1977,179502
Recruits,Bella Coola River-Late,Chum,1978,179714
Recruits,Bella Coola River-Late,Chum,1979,297577
Recruits,Bella Coola River-Late,Chum,1980,236716
Recruits,Bella Coola River-Late,Chum,1981,498068
Recruits,Bella Coola River-Late,Chum,1982,920189
Recruits,Bella Coola River-Late,Chum,1983,700259
Recruits,Bella Coola River-Late,Chum,1984,847566
Recruits,Bella Coola River-Late,Chum,1985,582711
Recruits,Bella Coola River-Late,Chum,1986,478893
Recruits,Bella Coola River-Late,Chum,1987,337165
Recruits,Bella Coola River-Late,Chum,1988,357889
Recruits,Bella Coola River-Late,Chum,1989,383589
Recruits,Bella Coola River-Late,Chum,1990,604997
Recruits,Bella Coola River-Late,Chum,1991,605534
Recruits,Bella Coola River-Late,Chum,1992,459940
Recruits,Bella Coola River-Late,Chum,1993,437818
Recruits,Bella Coola River-Late,Chum,1994,703582
Recruits,Bella Coola River-Late,Chum,1995,396640
Recruits,Bella Coola River-Late,Chum,1996,281791
Recruits,Bella Coola River-Late,Chum,1997,365586
Recruits,Bella Coola River-Late,Chum,1998,486351
Recruits,Bella Coola River-Late,Chum,1999,885429
Recruits,Bella Coola River-Late,Chum,2000,954448
Recruits,Bella Coola River-Late,Chum,2001,392840
Recruits,Bella Coola River-Late,Chum,2002,296009
Recruits,Bella Coola River-Late,Chum,2003,227655
Recruits,Bella Coola River-Late,Chum,2004,84464
Recruits,Bella Coola River-Late,Chum,2005,76773
Recruits,Bella Coola River-Late,Chum,2006,48143
Recruits,Bella Coola River-Late,Chum,2007,198797
Recruits,Bella Coola River-Late,Chum,2008,271002
Recruits,Bella Coola River-Late,Chum,2009,548418
Recruits,Douglas-Gardner,Chum,1954,427225
Recruits,Douglas-Gardner,Chum,1955,183386
Recruits,Douglas-Gardner,Chum,1956,151176
Recruits,Douglas-Gardner,Chum,1957,158148
Recruits,Douglas-Gardner,Chum,1958,320643
Recruits,Douglas-Gardner,Chum,1959,326111
Recruits,Douglas-Gardner,Chum,1960,294731
Recruits,Douglas-Gardner,Chum,1961,345538
Recruits,Douglas-Gardner,Chum,1962,692361
Recruits,Douglas-Gardner,Chum,1963,613466
Recruits,Douglas-Gardner,Chum,1964,837638
Recruits,Douglas-Gardner,Chum,1965,322389
Recruits,Douglas-Gardner,Chum,1966,206532
Recruits,Douglas-Gardner,Chum,1967,208645
Recruits,Douglas-Gardner,Chum,1968,600444
Recruits,Douglas-Gardner,Chum,1969,534948
Recruits,Douglas-Gardner,Chum,1970,460384
Recruits,Douglas-Gardner,Chum,1971,171385
Recruits,Douglas-Gardner,Chum,1972,89151
Recruits,Douglas-Gardner,Chum,1973,147127
Recruits,Douglas-Gardner,Chum,1974,347120
Recruits,Douglas-Gardner,Chum,1975,244476
Recruits,Douglas-Gardner,Chum,1976,250179
Recruits,Douglas-Gardner,Chum,1977,177339
Recruits,Douglas-Gardner,Chum,1978,179994
Recruits,Douglas-Gardner,Chum,1979,92686
Recruits,Douglas-Gardner,Chum,1980,137325
Recruits,Douglas-Gardner,Chum,1981,289800
Recruits,Douglas-Gardner,Chum,1982,378642
Recruits,Douglas-Gardner,Chum,1983,328188
Recruits,Douglas-Gardner,Chum,1984,913501
Recruits,Douglas-Gardner,Chum,1985,567123
Recruits,Douglas-Gardner,Chum,1986,557166
Recruits,Douglas-Gardner,Chum,1987,335979
Recruits,Douglas-Gardner,Chum,1988,215333
Recruits,Douglas-Gardner,Chum,1989,232721
Recruits,Douglas-Gardner,Chum,1990,447130
Recruits,Douglas-Gardner,Chum,1991,508653
Recruits,Douglas-Gardner,Chum,1992,257376
Recruits,Douglas-Gardner,Chum,1993,307412
Recruits,Douglas-Gardner,Chum,1994,1298166
Recruits,Douglas-Gardner,Chum,1995,529189
Recruits,Douglas-Gardner,Chum,1996,195903
Recruits,Douglas-Gardner,Chum,1997,361684
Recruits,Douglas-Gardner,Chum,1998,1146593
Recruits,Douglas-Gardner,Chum,1999,1418780
Recruits,Douglas-Gardner,Chum,2000,880771
Recruits,Douglas-Gardner,Chum,2001,575038
Recruits,Douglas-Gardner,Chum,2002,454872
Recruits,Douglas-Gardner,Chum,2003,183822
Recruits,Douglas-Gardner,Chum,2004,53382
Recruits,Douglas-Gardner,Chum,2005,88446
Recruits,Douglas-Gardner,Chum,2006,79810
Recruits,Douglas-Gardner,Chum,2007,175427
Recruits,Douglas-Gardner,Chum,2008,234034
Recruits,Douglas-Gardner,Chum,2009,84004
Recruits,Hecate Lowlands,Chum,1954,445342
Recruits,Hecate Lowlands,Chum,1955,153902
Recruits,Hecate Lowlands,Chum,1956,203700
Recruits,Hecate Lowlands,Chum,1957,206071
Recruits,Hecate Lowlands,Chum,1958,257489
Recruits,Hecate Lowlands,Chum,1959,241978
Recruits,Hecate Lowlands,Chum,1960,395526
Recruits,Hecate Lowlands,Chum,1961,259014
Recruits,Hecate Lowlands,Chum,1962,161774
Recruits,Hecate Lowlands,Chum,1963,171091
Recruits,Hecate Lowlands,Chum,1964,227892
Recruits,Hecate Lowlands,Chum,1965,155424
Recruits,Hecate Lowlands,Chum,1966,203217
Recruits,Hecate Lowlands,Chum,1967,199745
Recruits,Hecate Lowlands,Chum,1968,219090
Recruits,Hecate Lowlands,Chum,1969,272222
Recruits,Hecate Lowlands,Chum,1970,167454
Recruits,Hecate Lowlands,Chum,1971,121169
Recruits,Hecate Lowlands,Chum,1972,91210
Recruits,Hecate Lowlands,Chum,1973,151425
Recruits,Hecate Lowlands,Chum,1974,188491
Recruits,Hecate Lowlands,Chum,1975,164602
Recruits,Hecate Lowlands,Chum,1976,133687
Recruits,Hecate Lowlands,Chum,1977,144052
Recruits,Hecate Lowlands,Chum,1978,167839
Recruits,Hecate Lowlands,Chum,1979,161027
Recruits,Hecate Lowlands,Chum,1980,167947
Recruits,Hecate Lowlands,Chum,1981,258728
Recruits,Hecate Lowlands,Chum,1982,295408
Recruits,Hecate Lowlands,Chum,1983,208565
Recruits,Hecate Lowlands,Chum,1984,216486
Recruits,Hecate Lowlands,Chum,1985,208349
Recruits,Hecate Lowlands,Chum,1986,247838
Recruits,Hecate Lowlands,Chum,1987,189005
Recruits,Hecate Lowlands,Chum,1988,109580
Recruits,Hecate Lowlands,Chum,1989,111717
Recruits,Hecate Lowlands,Chum,1990,121798
Recruits,Hecate Lowlands,Chum,1991,165531
Recruits,Hecate Lowlands,Chum,1992,179177
Recruits,Hecate Lowlands,Chum,1993,159366
Recruits,Hecate Lowlands,Chum,1994,272846
Recruits,Hecate Lowlands,Chum,1995,166230
Recruits,Hecate Lowlands,Chum,1996,79104
Recruits,Hecate Lowlands,Chum,1997,107924
Recruits,Hecate Lowlands,Chum,1998,151473
Recruits,Hecate Lowlands,Chum,1999,179370
Recruits,Hecate Lowlands,Chum,2000,195532
Recruits,Hecate Lowlands,Chum,2001,143900
Recruits,Hecate Lowlands,Chum,2002,124517
Recruits,Hecate Lowlands,Chum,2003,89085
Recruits,Hecate Lowlands,Chum,2004,84000
Recruits,Hecate Lowlands,Chum,2005,123159
Recruits,Hecate Lowlands,Chum,2006,113789
Recruits,Hecate Lowlands,Chum,2007,123402
Recruits,Hecate Lowlands,Chum,2008,104588
Recruits,Hecate Lowlands,Chum,2009,94934
Recruits,Lower Nass,Chum,1955,241159
Recruits,Lower Nass,Chum,1956,189085
Recruits,Lower Nass,Chum,1960,507351
Recruits,Lower Nass,Chum,1961,160651
Recruits,Lower Nass,Chum,1962,325457
Recruits,Lower Nass,Chum,1963,389164
Recruits,Lower Nass,Chum,1978,11374
Recruits,Lower Nass,Chum,1984,33493
Recruits,Lower Nass,Chum,1985,12780
Recruits,Lower Nass,Chum,1986,10237
Recruits,Lower Nass,Chum,2006,21839
Recruits,Lower Nass,Chum,2007,22697
Recruits,Lower Nass,Chum,2008,10597
Recruits,Lower Nass,Chum,2009,6898
Recruits,Lower Skeena-CM,Chum,1958,31541.72584
Recruits,Lower Skeena-CM,Chum,1959,15072.36552
Recruits,Lower Skeena-CM,Chum,1960,16071.02065
Recruits,Lower Skeena-CM,Chum,1961,20129.56868
Recruits,Lower Skeena-CM,Chum,1962,62063.42766
Recruits,Lower Skeena-CM,Chum,1963,61111.28766
Recruits,Lower Skeena-CM,Chum,1964,37307.10851
Recruits,Lower Skeena-CM,Chum,1965,33968.98202
Recruits,Lower Skeena-CM,Chum,1966,31920.93453
Recruits,Lower Skeena-CM,Chum,1967,21380.74233
Recruits,Lower Skeena-CM,Chum,1968,98767.75219
Recruits,Lower Skeena-CM,Chum,1969,66672.77868
Recruits,Lower Skeena-CM,Chum,1970,34775.51669
Recruits,Lower Skeena-CM,Chum,1971,23265.47552
Recruits,Lower Skeena-CM,Chum,1972,23709.95122
Recruits,Lower Skeena-CM,Chum,1973,33136.79487
Recruits,Lower Skeena-CM,Chum,1974,18849.07054
Recruits,Lower Skeena-CM,Chum,1975,19869.77868
Recruits,Lower Skeena-CM,Chum,1976,67153.28097
Recruits,Lower Skeena-CM,Chum,1977,38537.86853
Recruits,Lower Skeena-CM,Chum,1978,13752.42274
Recruits,Lower Skeena-CM,Chum,1979,12598.00694
Recruits,Lower Skeena-CM,Chum,1980,88793.28947
Recruits,Lower Skeena-CM,Chum,1981,41338.50849
Recruits,Lower Skeena-CM,Chum,1982,30725.11219
Recruits,Lower Skeena-CM,Chum,1983,40821.72827
Recruits,Lower Skeena-CM,Chum,1984,299204.8659
Recruits,Lower Skeena-CM,Chum,1985,62025.11278
Recruits,Lower Skeena-CM,Chum,1986,12381.81298
Recruits,Lower Skeena-CM,Chum,1987,10591.61806
Recruits,Lower Skeena-CM,Chum,1988,17625.67644
Recruits,Lower Skeena-CM,Chum,1989,34162.72782
Recruits,Lower Skeena-CM,Chum,1990,26167.13274
Recruits,Lower Skeena-CM,Chum,1991,26557.19794
Recruits,Lower Skeena-CM,Chum,1992,30494.32184
Recruits,Lower Skeena-CM,Chum,1993,58401.25655
Recruits,Lower Skeena-CM,Chum,1994,33201.24781
Recruits,Lower Skeena-CM,Chum,1995,8400.590983
Recruits,Lower Skeena-CM,Chum,1996,14914.68582
Recruits,Lower Skeena-CM,Chum,1997,23830.90524
Recruits,Lower Skeena-CM,Chum,1998,9961.886399
Recruits,Lower Skeena-CM,Chum,2004,5047.393052
Recruits,Lower Skeena-CM,Chum,2005,5705.935704
Recruits,Lower Skeena-CM,Chum,2006,5513.045215
Recruits,Lower Skeena-CM,Chum,2007,8184.204521
Recruits,Middle Skeena-CM,Chum,1954,12781.04121
Recruits,Middle Skeena-CM,Chum,1955,18971.13578
Recruits,Middle Skeena-CM,Chum,1961,2015.540142
Recruits,Middle Skeena-CM,Chum,1962,1178.201685
Recruits,Middle Skeena-CM,Chum,1963,1243.945193
Recruits,Middle Skeena-CM,Chum,1964,2007.179676
Recruits,Middle Skeena-CM,Chum,1965,529.1684202
Recruits,Middle Skeena-CM,Chum,1966,509.0943809
Recruits,Middle Skeena-CM,Chum,1967,896.793082
Recruits,Middle Skeena-CM,Chum,1968,4463.566269
Recruits,Middle Skeena-CM,Chum,1969,2462.306011
Recruits,Middle Skeena-CM,Chum,1970,3300.159395
Recruits,Middle Skeena-CM,Chum,1971,1793.215762
Recruits,Middle Skeena-CM,Chum,1978,3813.702569
Recruits,Middle Skeena-CM,Chum,1979,5203.736822
Recruits,Middle Skeena-CM,Chum,1980,9647.468436
Recruits,Middle Skeena-CM,Chum,1981,13814.80899
Recruits,Middle Skeena-CM,Chum,1982,3999.887685
Recruits,Middle Skeena-CM,Chum,1983,4070.024423
Recruits,Middle Skeena-CM,Chum,1984,24071.26476
Recruits,Middle Skeena-CM,Chum,1985,7689.549986
Recruits,Middle Skeena-CM,Chum,1986,7966.284559
Recruits,Middle Skeena-CM,Chum,1987,9331.048673
Recruits,Middle Skeena-CM,Chum,1988,7266.563706
Recruits,Middle Skeena-CM,Chum,1989,3185.808256
Recruits,Middle Skeena-CM,Chum,1990,2432.659634
Recruits,Middle Skeena-CM,Chum,1991,1767.762776
Recruits,Middle Skeena-CM,Chum,2000,4603.163618
Recruits,Middle Skeena-CM,Chum,2001,3816.841462
Recruits,Middle Skeena-CM,Chum,2002,1576.007078
Recruits,Middle Skeena-CM,Chum,2003,802.0750664
Recruits,Middle Skeena-CM,Chum,2004,474.4167938
Recruits,Middle Skeena-CM,Chum,2005,1667.110269
Recruits,Middle Skeena-CM,Chum,2006,847.7622264
Recruits,Middle Skeena-CM,Chum,2007,1009.085583
Recruits,Mussel-Kynock,Chum,1954,352542
Recruits,Mussel-Kynock,Chum,1955,179939
Recruits,Mussel-Kynock,Chum,1956,140053
Recruits,Mussel-Kynock,Chum,1957,119361
Recruits,Mussel-Kynock,Chum,1958,187350
Recruits,Mussel-Kynock,Chum,1959,185980
Recruits,Mussel-Kynock,Chum,1960,204143
Recruits,Mussel-Kynock,Chum,1961,132634
Recruits,Mussel-Kynock,Chum,1962,143079
Recruits,Mussel-Kynock,Chum,1963,190126
Recruits,Mussel-Kynock,Chum,1964,260031
Recruits,Mussel-Kynock,Chum,1965,187717
Recruits,Mussel-Kynock,Chum,1966,259635
Recruits,Mussel-Kynock,Chum,1967,200378
Recruits,Mussel-Kynock,Chum,1968,245498
Recruits,Mussel-Kynock,Chum,1969,356650
Recruits,Mussel-Kynock,Chum,1970,309674
Recruits,Mussel-Kynock,Chum,1971,152032
Recruits,Mussel-Kynock,Chum,1972,67037
Recruits,Mussel-Kynock,Chum,1973,44142
Recruits,Mussel-Kynock,Chum,1974,155596
Recruits,Mussel-Kynock,Chum,1975,131560
Recruits,Mussel-Kynock,Chum,1976,157500
Recruits,Mussel-Kynock,Chum,1977,201648
Recruits,Mussel-Kynock,Chum,1978,181090
Recruits,Mussel-Kynock,Chum,1979,100426
Recruits,Mussel-Kynock,Chum,1980,80192
Recruits,Mussel-Kynock,Chum,1981,176458
Recruits,Mussel-Kynock,Chum,1982,271881
Recruits,Mussel-Kynock,Chum,1983,201731
Recruits,Mussel-Kynock,Chum,1984,211450
Recruits,Mussel-Kynock,Chum,1985,163256
Recruits,Mussel-Kynock,Chum,1986,141888
Recruits,Mussel-Kynock,Chum,1987,163519
Recruits,Mussel-Kynock,Chum,1988,83173
Recruits,Mussel-Kynock,Chum,1989,53557
Recruits,Mussel-Kynock,Chum,1990,128717
Recruits,Mussel-Kynock,Chum,1991,208654
Recruits,Mussel-Kynock,Chum,1992,158458
Recruits,Mussel-Kynock,Chum,1993,134619
Recruits,Mussel-Kynock,Chum,1994,279258
Recruits,Mussel-Kynock,Chum,1995,218788
Recruits,Mussel-Kynock,Chum,1996,162975
Recruits,Mussel-Kynock,Chum,1997,254170
Recruits,Mussel-Kynock,Chum,1998,274285
Recruits,Mussel-Kynock,Chum,1999,383904
Recruits,Mussel-Kynock,Chum,2000,348222
Recruits,Mussel-Kynock,Chum,2001,304238
Recruits,Mussel-Kynock,Chum,2002,185452
Recruits,Mussel-Kynock,Chum,2003,86648
Recruits,Mussel-Kynock,Chum,2004,43610
Recruits,Mussel-Kynock,Chum,2005,37662
Recruits,Mussel-Kynock,Chum,2006,54947
Recruits,Mussel-Kynock,Chum,2007,194151
Recruits,Mussel-Kynock,Chum,2008,171759
Recruits,Mussel-Kynock,Chum,2009,137934
Recruits,Portland Canal-Observatory,Chum,1954,150896
Recruits,Portland Canal-Observatory,Chum,1956,139420
Recruits,Portland Canal-Observatory,Chum,1957,122917
Recruits,Portland Canal-Observatory,Chum,1958,39579
Recruits,Portland Canal-Observatory,Chum,1959,59704
Recruits,Portland Canal-Observatory,Chum,1960,68949
Recruits,Portland Canal-Observatory,Chum,1961,42112
Recruits,Portland Canal-Observatory,Chum,1962,27053
Recruits,Portland Canal-Observatory,Chum,1963,32013
Recruits,Portland Canal-Observatory,Chum,1964,37214
Recruits,Portland Canal-Observatory,Chum,1965,21686
Recruits,Portland Canal-Observatory,Chum,1966,22659
Recruits,Portland Canal-Observatory,Chum,1967,33474
Recruits,Portland Canal-Observatory,Chum,1968,67786
Recruits,Portland Canal-Observatory,Chum,1969,98158
Recruits,Portland Canal-Observatory,Chum,1970,179141
Recruits,Portland Canal-Observatory,Chum,1971,75972
Recruits,Portland Canal-Observatory,Chum,1972,90786
Recruits,Portland Canal-Observatory,Chum,1973,114287
Recruits,Portland Canal-Observatory,Chum,1974,106532
Recruits,Portland Canal-Observatory,Chum,1975,89686
Recruits,Portland Canal-Observatory,Chum,1976,83564
Recruits,Portland Canal-Observatory,Chum,1977,39063
Recruits,Portland Canal-Observatory,Chum,1978,44608
Recruits,Portland Canal-Observatory,Chum,1979,103504
Recruits,Portland Canal-Observatory,Chum,1980,122430
Recruits,Portland Canal-Observatory,Chum,1981,79429
Recruits,Portland Canal-Observatory,Chum,1982,78165
Recruits,Portland Canal-Observatory,Chum,1983,63393
Recruits,Portland Canal-Observatory,Chum,1984,51533
Recruits,Portland Canal-Observatory,Chum,1985,76828
Recruits,Portland Canal-Observatory,Chum,1986,74062
Recruits,Portland Canal-Observatory,Chum,1987,65633
Recruits,Portland Canal-Observatory,Chum,1988,104345
Recruits,Portland Canal-Observatory,Chum,1989,253126
Recruits,Portland Canal-Observatory,Chum,1990,148080
Recruits,Portland Canal-Observatory,Chum,1991,93838
Recruits,Portland Canal-Observatory,Chum,1992,54273
Recruits,Portland Canal-Observatory,Chum,1993,63787
Recruits,Portland Canal-Observatory,Chum,1994,165615
Recruits,Portland Canal-Observatory,Chum,1995,89547
Recruits,Portland Canal-Observatory,Chum,1996,37418
Recruits,Portland Canal-Observatory,Chum,1997,35823
Recruits,Portland Canal-Observatory,Chum,1998,33902
Recruits,Portland Canal-Observatory,Chum,1999,74686
Recruits,Portland Canal-Observatory,Chum,2000,64434
Recruits,Portland Canal-Observatory,Chum,2001,45478
Recruits,Portland Canal-Observatory,Chum,2002,51250
Recruits,Portland Canal-Observatory,Chum,2003,19308
Recruits,Portland Canal-Observatory,Chum,2004,8428
Recruits,Portland Canal-Observatory,Chum,2005,19262
Recruits,Portland Canal-Observatory,Chum,2006,11675
Recruits,Portland Canal-Observatory,Chum,2007,9446
Recruits,Portland Canal-Observatory,Chum,2008,16847
Recruits,Portland Canal-Observatory,Chum,2009,18549
Recruits,Portland Inlet,Chum,1954,44424
Recruits,Portland Inlet,Chum,1955,29813
Recruits,Portland Inlet,Chum,1956,29344
Recruits,Portland Inlet,Chum,1957,42784
Recruits,Portland Inlet,Chum,1958,75066
Recruits,Portland Inlet,Chum,1959,66652
Recruits,Portland Inlet,Chum,1960,92833
Recruits,Portland Inlet,Chum,1961,52773
Recruits,Portland Inlet,Chum,1962,50840
Recruits,Portland Inlet,Chum,1963,56790
Recruits,Portland Inlet,Chum,1964,69344
Recruits,Portland Inlet,Chum,1965,51687
Recruits,Portland Inlet,Chum,1966,50305
Recruits,Portland Inlet,Chum,1967,46762
Recruits,Portland Inlet,Chum,1968,84402
Recruits,Portland Inlet,Chum,1969,73561
Recruits,Portland Inlet,Chum,1970,74986
Recruits,Portland Inlet,Chum,1971,37878
Recruits,Portland Inlet,Chum,1972,40067
Recruits,Portland Inlet,Chum,1973,78467
Recruits,Portland Inlet,Chum,1974,62450
Recruits,Portland Inlet,Chum,1975,28360
Recruits,Portland Inlet,Chum,1976,30609
Recruits,Portland Inlet,Chum,1977,17536
Recruits,Portland Inlet,Chum,1978,22257
Recruits,Portland Inlet,Chum,1979,41507
Recruits,Portland Inlet,Chum,1980,69250
Recruits,Portland Inlet,Chum,1981,53177
Recruits,Portland Inlet,Chum,1982,19961
Recruits,Portland Inlet,Chum,1983,25857
Recruits,Portland Inlet,Chum,1984,49594
Recruits,Portland Inlet,Chum,1985,29751
Recruits,Portland Inlet,Chum,1986,19994
Recruits,Portland Inlet,Chum,1987,37119
Recruits,Portland Inlet,Chum,1988,37892
Recruits,Portland Inlet,Chum,1989,70137
Recruits,Portland Inlet,Chum,1990,36588
Recruits,Portland Inlet,Chum,1991,25665
Recruits,Portland Inlet,Chum,1992,20067
Recruits,Portland Inlet,Chum,1993,29533
Recruits,Portland Inlet,Chum,1994,70679
Recruits,Portland Inlet,Chum,1995,44804
Recruits,Portland Inlet,Chum,1996,27833
Recruits,Portland Inlet,Chum,1997,24194
Recruits,Portland Inlet,Chum,1998,20526
Recruits,Portland Inlet,Chum,1999,19252
Recruits,Portland Inlet,Chum,2000,42043
Recruits,Portland Inlet,Chum,2001,29925
Recruits,Portland Inlet,Chum,2002,26926
Recruits,Portland Inlet,Chum,2003,24022
Recruits,Portland Inlet,Chum,2004,23396
Recruits,Portland Inlet,Chum,2005,17336
Recruits,Portland Inlet,Chum,2006,11482
Recruits,Portland Inlet,Chum,2007,11855
Recruits,Portland Inlet,Chum,2008,15073
Recruits,Portland Inlet,Chum,2009,13613
Recruits,Rivers Inlet,Chum,1954,73999
Recruits,Rivers Inlet,Chum,1955,66758
Recruits,Rivers Inlet,Chum,1956,20938
Recruits,Rivers Inlet,Chum,1957,24674
Recruits,Rivers Inlet,Chum,1958,24707
Recruits,Rivers Inlet,Chum,1959,26601
Recruits,Rivers Inlet,Chum,1960,27400
Recruits,Rivers Inlet,Chum,1961,20688
Recruits,Rivers Inlet,Chum,1962,36251
Recruits,Rivers Inlet,Chum,1963,42604
Recruits,Rivers Inlet,Chum,1964,24104
Recruits,Rivers Inlet,Chum,1965,24286
Recruits,Rivers Inlet,Chum,1966,34606
Recruits,Rivers Inlet,Chum,1967,35523
Recruits,Rivers Inlet,Chum,1968,27718
Recruits,Rivers Inlet,Chum,1969,30541
Recruits,Rivers Inlet,Chum,1970,38377
Recruits,Rivers Inlet,Chum,1971,32209
Recruits,Rivers Inlet,Chum,1972,7187
Recruits,Rivers Inlet,Chum,1973,9886
Recruits,Rivers Inlet,Chum,1974,38130
Recruits,Rivers Inlet,Chum,1975,35767
Recruits,Rivers Inlet,Chum,1976,16951
Recruits,Rivers Inlet,Chum,1977,30586
Recruits,Rivers Inlet,Chum,1978,105608
Recruits,Rivers Inlet,Chum,1979,118041
Recruits,Rivers Inlet,Chum,1980,34176
Recruits,Rivers Inlet,Chum,1981,53657
Recruits,Rivers Inlet,Chum,1982,231594
Recruits,Rivers Inlet,Chum,1983,249265
Recruits,Rivers Inlet,Chum,1984,71056
Recruits,Rivers Inlet,Chum,1985,22007
Recruits,Rivers Inlet,Chum,1986,12065
Recruits,Rivers Inlet,Chum,1987,9155
Recruits,Rivers Inlet,Chum,1988,11516
Recruits,Rivers Inlet,Chum,1989,11137
Recruits,Rivers Inlet,Chum,1990,9879
Recruits,Rivers Inlet,Chum,1991,24875
Recruits,Rivers Inlet,Chum,1992,22581
Recruits,Rivers Inlet,Chum,1993,13165
Recruits,Rivers Inlet,Chum,1994,38586
Recruits,Rivers Inlet,Chum,1995,46510
Recruits,Rivers Inlet,Chum,1996,69695
Recruits,Rivers Inlet,Chum,1997,73870
Recruits,Rivers Inlet,Chum,1998,68490
Recruits,Rivers Inlet,Chum,1999,125239
Recruits,Rivers Inlet,Chum,2000,125976
Recruits,Rivers Inlet,Chum,2001,105363
Recruits,Rivers Inlet,Chum,2002,79180
Recruits,Rivers Inlet,Chum,2003,53453
Recruits,Rivers Inlet,Chum,2004,30343
Recruits,Rivers Inlet,Chum,2005,6447
Recruits,Rivers Inlet,Chum,2006,5935
Recruits,Rivers Inlet,Chum,2007,9124
Recruits,Skeena Estuary-CM,Chum,1954,2003.837002
Recruits,Skeena Estuary-CM,Chum,1955,1388.14634
Recruits,Skeena Estuary-CM,Chum,1956,2847.686636
Recruits,Skeena Estuary-CM,Chum,1957,4396.969267
Recruits,Skeena Estuary-CM,Chum,1958,2309.099335
Recruits,Skeena Estuary-CM,Chum,1959,3614.454959
Recruits,Skeena Estuary-CM,Chum,1960,5601.42596
Recruits,Skeena Estuary-CM,Chum,1961,5686.494976
Recruits,Skeena Estuary-CM,Chum,1962,2860.581778
Recruits,Smith Inlet,Chum,1954,83923
Recruits,Smith Inlet,Chum,1955,75735
Recruits,Smith Inlet,Chum,1956,50159
Recruits,Smith Inlet,Chum,1957,48953
Recruits,Smith Inlet,Chum,1958,58251
Recruits,Smith Inlet,Chum,1959,89870
Recruits,Smith Inlet,Chum,1960,104802
Recruits,Smith Inlet,Chum,1961,61727
Recruits,Smith Inlet,Chum,1962,12377
Recruits,Smith Inlet,Chum,1963,42101
Recruits,Smith Inlet,Chum,1964,100208
Recruits,Smith Inlet,Chum,1965,90593
Recruits,Smith Inlet,Chum,1967,95139
Recruits,Smith Inlet,Chum,1968,100695
Recruits,Smith Inlet,Chum,1969,189818
Recruits,Smith Inlet,Chum,1970,155749
Recruits,Smith Inlet,Chum,1971,56853
Recruits,Smith Inlet,Chum,1972,44052
Recruits,Smith Inlet,Chum,1973,111454
Recruits,Smith Inlet,Chum,1974,143791
Recruits,Smith Inlet,Chum,1975,78260
Recruits,Smith Inlet,Chum,1976,85592
Recruits,Smith Inlet,Chum,1977,138746
Recruits,Smith Inlet,Chum,1978,151441
Recruits,Smith Inlet,Chum,1979,121982
Recruits,Smith Inlet,Chum,1980,63001
Recruits,Smith Inlet,Chum,1981,66041
Recruits,Smith Inlet,Chum,1982,133893
Recruits,Smith Inlet,Chum,1983,144927
Recruits,Smith Inlet,Chum,1984,107230
Recruits,Smith Inlet,Chum,1985,86483
Recruits,Smith Inlet,Chum,1986,82904
Recruits,Smith Inlet,Chum,1987,89205
Recruits,Smith Inlet,Chum,1988,58717
Recruits,Smith Inlet,Chum,1989,45671
Recruits,Smith Inlet,Chum,1990,49407
Recruits,Smith Inlet,Chum,1991,71001
Recruits,Smith Inlet,Chum,1992,66242
Recruits,Smith Inlet,Chum,1993,27998
Recruits,Smith Inlet,Chum,1994,14649
Recruits,Smith Inlet,Chum,1995,23472
Recruits,Smith Inlet,Chum,1996,42220
Recruits,Smith Inlet,Chum,1997,77605
Recruits,Smith Inlet,Chum,1998,115453
Recruits,Smith Inlet,Chum,1999,123302
Recruits,Smith Inlet,Chum,2000,106305
Recruits,Smith Inlet,Chum,2001,70409
Recruits,Smith Inlet,Chum,2002,53605
Recruits,Smith Inlet,Chum,2003,48657
Recruits,Smith Inlet,Chum,2004,27118
Recruits,Smith Inlet,Chum,2005,25841
Recruits,Smith Inlet,Chum,2006,18223
Recruits,Smith Inlet,Chum,2007,11501
Recruits,Smith Inlet,Chum,2008,16721
Recruits,Smith Inlet,Chum,2009,30265
Recruits,Spiller-Fitz-Hugh-Burke,Chum,1954,445796
Recruits,Spiller-Fitz-Hugh-Burke,Chum,1955,343185
Recruits,Spiller-Fitz-Hugh-Burke,Chum,1956,208137
Recruits,Spiller-Fitz-Hugh-Burke,Chum,1957,246454
Recruits,Spiller-Fitz-Hugh-Burke,Chum,1958,490654
Recruits,Spiller-Fitz-Hugh-Burke,Chum,1959,471641
Recruits,Spiller-Fitz-Hugh-Burke,Chum,1960,422383
Recruits,Spiller-Fitz-Hugh-Burke,Chum,1961,328840
Recruits,Spiller-Fitz-Hugh-Burke,Chum,1962,791230
Recruits,Spiller-Fitz-Hugh-Burke,Chum,1963,466136
Recruits,Spiller-Fitz-Hugh-Burke,Chum,1964,700191
Recruits,Spiller-Fitz-Hugh-Burke,Chum,1965,754553
Recruits,Spiller-Fitz-Hugh-Burke,Chum,1966,1070458
Recruits,Spiller-Fitz-Hugh-Burke,Chum,1967,666844
Recruits,Spiller-Fitz-Hugh-Burke,Chum,1968,734807
Recruits,Spiller-Fitz-Hugh-Burke,Chum,1969,996505
Recruits,Spiller-Fitz-Hugh-Burke,Chum,1970,620836
Recruits,Spiller-Fitz-Hugh-Burke,Chum,1971,300114
Recruits,Spiller-Fitz-Hugh-Burke,Chum,1972,353823
Recruits,Spiller-Fitz-Hugh-Burke,Chum,1973,437280
Recruits,Spiller-Fitz-Hugh-Burke,Chum,1974,568750
Recruits,Spiller-Fitz-Hugh-Burke,Chum,1975,430017
Recruits,Spiller-Fitz-Hugh-Burke,Chum,1976,341849
Recruits,Spiller-Fitz-Hugh-Burke,Chum,1977,316868
Recruits,Spiller-Fitz-Hugh-Burke,Chum,1978,373110
Recruits,Spiller-Fitz-Hugh-Burke,Chum,1979,270562
Recruits,Spiller-Fitz-Hugh-Burke,Chum,1980,314648
Recruits,Spiller-Fitz-Hugh-Burke,Chum,1981,379022
Recruits,Spiller-Fitz-Hugh-Burke,Chum,1982,422455
Recruits,Spiller-Fitz-Hugh-Burke,Chum,1983,346066
Recruits,Spiller-Fitz-Hugh-Burke,Chum,1984,482783
Recruits,Spiller-Fitz-Hugh-Burke,Chum,1985,329494
Recruits,Spiller-Fitz-Hugh-Burke,Chum,1986,390529
Recruits,Spiller-Fitz-Hugh-Burke,Chum,1987,312628
Recruits,Spiller-Fitz-Hugh-Burke,Chum,1988,173825
Recruits,Spiller-Fitz-Hugh-Burke,Chum,1989,210066
Recruits,Spiller-Fitz-Hugh-Burke,Chum,1990,224053
Recruits,Spiller-Fitz-Hugh-Burke,Chum,1991,389906
Recruits,Spiller-Fitz-Hugh-Burke,Chum,1992,448864
Recruits,Spiller-Fitz-Hugh-Burke,Chum,1993,352894
Recruits,Spiller-Fitz-Hugh-Burke,Chum,1994,342521
Recruits,Spiller-Fitz-Hugh-Burke,Chum,1995,279473
Recruits,Spiller-Fitz-Hugh-Burke,Chum,1996,244515
Recruits,Spiller-Fitz-Hugh-Burke,Chum,1997,314658
Recruits,Spiller-Fitz-Hugh-Burke,Chum,1998,345885
Recruits,Spiller-Fitz-Hugh-Burke,Chum,1999,462880
Recruits,Spiller-Fitz-Hugh-Burke,Chum,2000,538368
Recruits,Spiller-Fitz-Hugh-Burke,Chum,2001,320052
Recruits,Spiller-Fitz-Hugh-Burke,Chum,2002,245144
Recruits,Spiller-Fitz-Hugh-Burke,Chum,2003,145506
Recruits,Spiller-Fitz-Hugh-Burke,Chum,2004,108427
Recruits,Spiller-Fitz-Hugh-Burke,Chum,2005,185320
Recruits,Spiller-Fitz-Hugh-Burke,Chum,2006,198563
Recruits,Spiller-Fitz-Hugh-Burke,Chum,2007,367143
Recruits,Spiller-Fitz-Hugh-Burke,Chum,2008,354731
Recruits,Spiller-Fitz-Hugh-Burke,Chum,2009,432269
Spawners,Bella Coola-Dean Rivers,Chum,1954,167667
Spawners,Bella Coola-Dean Rivers,Chum,1955,58150
Spawners,Bella Coola-Dean Rivers,Chum,1956,149253
Spawners,Bella Coola-Dean Rivers,Chum,1957,99825
Spawners,Bella Coola-Dean Rivers,Chum,1958,238735
Spawners,Bella Coola-Dean Rivers,Chum,1959,98856
Spawners,Bella Coola-Dean Rivers,Chum,1960,101128
Spawners,Bella Coola-Dean Rivers,Chum,1961,126869
Spawners,Bella Coola-Dean Rivers,Chum,1962,122272
Spawners,Bella Coola-Dean Rivers,Chum,1963,287516
Spawners,Bella Coola-Dean Rivers,Chum,1964,287516
Spawners,Bella Coola-Dean Rivers,Chum,1965,12319
Spawners,Bella Coola-Dean Rivers,Chum,1966,156288
Spawners,Bella Coola-Dean Rivers,Chum,1967,90095
Spawners,Bella Coola-Dean Rivers,Chum,1968,299889
Spawners,Bella Coola-Dean Rivers,Chum,1969,99289
Spawners,Bella Coola-Dean Rivers,Chum,1970,260639
Spawners,Bella Coola-Dean Rivers,Chum,1971,68373
Spawners,Bella Coola-Dean Rivers,Chum,1972,270011
Spawners,Bella Coola-Dean Rivers,Chum,1973,322228
Spawners,Bella Coola-Dean Rivers,Chum,1974,158526
Spawners,Bella Coola-Dean Rivers,Chum,1975,107112
Spawners,Bella Coola-Dean Rivers,Chum,1976,174949
Spawners,Bella Coola-Dean Rivers,Chum,1977,139245
Spawners,Bella Coola-Dean Rivers,Chum,1978,31241
Spawners,Bella Coola-Dean Rivers,Chum,1979,128534
Spawners,Bella Coola-Dean Rivers,Chum,1980,110084
Spawners,Bella Coola-Dean Rivers,Chum,1981,56747
Spawners,Bella Coola-Dean Rivers,Chum,1982,127906
Spawners,Bella Coola-Dean Rivers,Chum,1983,195763
Spawners,Bella Coola-Dean Rivers,Chum,1984,154913
Spawners,Bella Coola-Dean Rivers,Chum,1985,283654
Spawners,Bella Coola-Dean Rivers,Chum,1986,398335
Spawners,Bella Coola-Dean Rivers,Chum,1987,186762
Spawners,Bella Coola-Dean Rivers,Chum,1988,264024
Spawners,Bella Coola-Dean Rivers,Chum,1989,183331
Spawners,Bella Coola-Dean Rivers,Chum,1990,405219
Spawners,Bella Coola-Dean Rivers,Chum,1991,86639
Spawners,Bella Coola-Dean Rivers,Chum,1992,155511
Spawners,Bella Coola-Dean Rivers,Chum,1993,200135
Spawners,Bella Coola-Dean Rivers,Chum,1994,368822
Spawners,Bella Coola-Dean Rivers,Chum,1995,273591
Spawners,Bella Coola-Dean Rivers,Chum,1996,262543
Spawners,Bella Coola-Dean Rivers,Chum,1997,271837
Spawners,Bella Coola-Dean Rivers,Chum,1998,468273
Spawners,Bella Coola-Dean Rivers,Chum,1999,282341
Spawners,Bella Coola-Dean Rivers,Chum,2000,223627
Spawners,Bella Coola-Dean Rivers,Chum,2001,241990
Spawners,Bella Coola-Dean Rivers,Chum,2002,322895
Spawners,Bella Coola-Dean Rivers,Chum,2003,553923
Spawners,Bella Coola-Dean Rivers,Chum,2004,379279
Spawners,Bella Coola-Dean Rivers,Chum,2005,185050
Spawners,Bella Coola-Dean Rivers,Chum,2006,234477
Spawners,Bella Coola-Dean Rivers,Chum,2007,193219
Spawners,Bella Coola-Dean Rivers,Chum,2008,65264
Spawners,Bella Coola-Dean Rivers,Chum,2009,79509
Spawners,Bella Coola-Dean Rivers,Chum,2010,25133
Spawners,Bella Coola-Dean Rivers,Chum,2011,273064
Spawners,Bella Coola-Dean Rivers,Chum,2012,157778
Spawners,Bella Coola River-Late,Chum,1954,69528
Spawners,Bella Coola River-Late,Chum,1955,41717
Spawners,Bella Coola River-Late,Chum,1956,97339
Spawners,Bella Coola River-Late,Chum,1957,97339
Spawners,Bella Coola River-Late,Chum,1958,208585
Spawners,Bella Coola River-Late,Chum,1959,97339
Spawners,Bella Coola River-Late,Chum,1960,97339
Spawners,Bella Coola River-Late,Chum,1961,41717
Spawners,Bella Coola River-Late,Chum,1962,97339
Spawners,Bella Coola River-Late,Chum,1963,208585
Spawners,Bella Coola River-Late,Chum,1964,208585
Spawners,Bella Coola River-Late,Chum,1965,9734
Spawners,Bella Coola River-Late,Chum,1966,97339
Spawners,Bella Coola River-Late,Chum,1967,50060
Spawners,Bella Coola River-Late,Chum,1968,161584
Spawners,Bella Coola River-Late,Chum,1969,20858
Spawners,Bella Coola River-Late,Chum,1970,197460
Spawners,Bella Coola River-Late,Chum,1971,25030
Spawners,Bella Coola River-Late,Chum,1972,222490
Spawners,Bella Coola River-Late,Chum,1973,250302
Spawners,Bella Coola River-Late,Chum,1974,97339
Spawners,Bella Coola River-Late,Chum,1975,27811
Spawners,Bella Coola River-Late,Chum,1976,166868
Spawners,Bella Coola River-Late,Chum,1977,111245
Spawners,Bella Coola River-Late,Chum,1978,27811
Spawners,Bella Coola River-Late,Chum,1979,97339
Spawners,Bella Coola River-Late,Chum,1980,69528
Spawners,Bella Coola River-Late,Chum,1981,55623
Spawners,Bella Coola River-Late,Chum,1982,83434
Spawners,Bella Coola River-Late,Chum,1983,152962
Spawners,Bella Coola River-Late,Chum,1984,133494
Spawners,Bella Coola River-Late,Chum,1985,216928
Spawners,Bella Coola River-Late,Chum,1986,256698
Spawners,Bella Coola River-Late,Chum,1987,185891
Spawners,Bella Coola River-Late,Chum,1988,283675
Spawners,Bella Coola River-Late,Chum,1989,239177
Spawners,Bella Coola River-Late,Chum,1990,208585
Spawners,Bella Coola River-Late,Chum,1991,114026
Spawners,Bella Coola River-Late,Chum,1992,208585
Spawners,Bella Coola River-Late,Chum,1993,197460
Spawners,Bella Coola River-Late,Chum,1994,305924
Spawners,Bella Coola River-Late,Chum,1995,208585
Spawners,Bella Coola River-Late,Chum,1996,250302
Spawners,Bella Coola River-Late,Chum,1997,236396
Spawners,Bella Coola River-Late,Chum,1998,389358
Spawners,Bella Coola River-Late,Chum,1999,194679
Spawners,Bella Coola River-Late,Chum,2000,236396
Spawners,Bella Coola River-Late,Chum,2001,219709
Spawners,Bella Coola River-Late,Chum,2002,266988
Spawners,Bella Coola River-Late,Chum,2003,561148
Spawners,Bella Coola River-Late,Chum,2004,451528
Spawners,Bella Coola River-Late,Chum,2005,135663
Spawners,Bella Coola River-Late,Chum,2006,172187
Spawners,Bella Coola River-Late,Chum,2007,130382
Spawners,Bella Coola River-Late,Chum,2008,45157
Spawners,Bella Coola River-Late,Chum,2009,71242
Spawners,Bella Coola River-Late,Chum,2010,16008
Spawners,Bella Coola River-Late,Chum,2011,221757
Spawners,Bella Coola River-Late,Chum,2012,141451
Spawners,Douglas-Gardner,Chum,1954,162270
Spawners,Douglas-Gardner,Chum,1955,93519
Spawners,Douglas-Gardner,Chum,1956,65530
Spawners,Douglas-Gardner,Chum,1957,122122
Spawners,Douglas-Gardner,Chum,1958,248798
Spawners,Douglas-Gardner,Chum,1959,48750
Spawners,Douglas-Gardner,Chum,1960,110888
Spawners,Douglas-Gardner,Chum,1961,58179
Spawners,Douglas-Gardner,Chum,1962,240921
Spawners,Douglas-Gardner,Chum,1963,181838
Spawners,Douglas-Gardner,Chum,1964,183243
Spawners,Douglas-Gardner,Chum,1965,152694
Spawners,Douglas-Gardner,Chum,1966,574084
Spawners,Douglas-Gardner,Chum,1967,415676
Spawners,Douglas-Gardner,Chum,1968,721249
Spawners,Douglas-Gardner,Chum,1969,77807
Spawners,Douglas-Gardner,Chum,1970,77488
Spawners,Douglas-Gardner,Chum,1971,71556
Spawners,Douglas-Gardner,Chum,1972,344398
Spawners,Douglas-Gardner,Chum,1973,346966
Spawners,Douglas-Gardner,Chum,1974,352373
Spawners,Douglas-Gardner,Chum,1975,75671
Spawners,Douglas-Gardner,Chum,1976,75023
Spawners,Douglas-Gardner,Chum,1977,83805
Spawners,Douglas-Gardner,Chum,1978,262421
Spawners,Douglas-Gardner,Chum,1979,108287
Spawners,Douglas-Gardner,Chum,1980,118494
Spawners,Douglas-Gardner,Chum,1981,80864
Spawners,Douglas-Gardner,Chum,1982,126120
Spawners,Douglas-Gardner,Chum,1983,23615
Spawners,Douglas-Gardner,Chum,1984,114251
Spawners,Douglas-Gardner,Chum,1985,213268
Spawners,Douglas-Gardner,Chum,1986,292683
Spawners,Douglas-Gardner,Chum,1987,99866
Spawners,Douglas-Gardner,Chum,1988,570249
Spawners,Douglas-Gardner,Chum,1989,353221
Spawners,Douglas-Gardner,Chum,1990,453760
Spawners,Douglas-Gardner,Chum,1991,194212
Spawners,Douglas-Gardner,Chum,1992,144020
Spawners,Douglas-Gardner,Chum,1993,183787
Spawners,Douglas-Gardner,Chum,1994,384346
Spawners,Douglas-Gardner,Chum,1995,516271
Spawners,Douglas-Gardner,Chum,1996,158786
Spawners,Douglas-Gardner,Chum,1997,105816
Spawners,Douglas-Gardner,Chum,1998,1146392
Spawners,Douglas-Gardner,Chum,1999,162436
Spawners,Douglas-Gardner,Chum,2000,147621
Spawners,Douglas-Gardner,Chum,2001,176704
Spawners,Douglas-Gardner,Chum,2002,844892
Spawners,Douglas-Gardner,Chum,2003,698617
Spawners,Douglas-Gardner,Chum,2004,412519
Spawners,Douglas-Gardner,Chum,2005,155094
Spawners,Douglas-Gardner,Chum,2006,384569
Spawners,Douglas-Gardner,Chum,2007,98697
Spawners,Douglas-Gardner,Chum,2008,22247
Spawners,Douglas-Gardner,Chum,2009,84009
Spawners,Douglas-Gardner,Chum,2010,50706
Spawners,Douglas-Gardner,Chum,2011,183673
Spawners,Douglas-Gardner,Chum,2012,262745
Spawners,Hecate Lowlands,Chum,1954,317836
Spawners,Hecate Lowlands,Chum,1955,102379
Spawners,Hecate Lowlands,Chum,1956,96632
Spawners,Hecate Lowlands,Chum,1957,313302
Spawners,Hecate Lowlands,Chum,1958,219751
Spawners,Hecate Lowlands,Chum,1959,20270
Spawners,Hecate Lowlands,Chum,1960,174546
Spawners,Hecate Lowlands,Chum,1961,90171
Spawners,Hecate Lowlands,Chum,1962,196452
Spawners,Hecate Lowlands,Chum,1963,120056
Spawners,Hecate Lowlands,Chum,1964,316082
Spawners,Hecate Lowlands,Chum,1965,92299
Spawners,Hecate Lowlands,Chum,1966,106039
Spawners,Hecate Lowlands,Chum,1967,102779
Spawners,Hecate Lowlands,Chum,1968,162700
Spawners,Hecate Lowlands,Chum,1969,57994
Spawners,Hecate Lowlands,Chum,1970,134960
Spawners,Hecate Lowlands,Chum,1971,103593
Spawners,Hecate Lowlands,Chum,1972,125555
Spawners,Hecate Lowlands,Chum,1973,183181
Spawners,Hecate Lowlands,Chum,1974,60537
Spawners,Hecate Lowlands,Chum,1975,89828
Spawners,Hecate Lowlands,Chum,1976,44475
Spawners,Hecate Lowlands,Chum,1977,108475
Spawners,Hecate Lowlands,Chum,1978,111804
Spawners,Hecate Lowlands,Chum,1979,91316
Spawners,Hecate Lowlands,Chum,1980,60249
Spawners,Hecate Lowlands,Chum,1981,82515
Spawners,Hecate Lowlands,Chum,1982,111993
Spawners,Hecate Lowlands,Chum,1983,86066
Spawners,Hecate Lowlands,Chum,1984,95607
Spawners,Hecate Lowlands,Chum,1985,177644
Spawners,Hecate Lowlands,Chum,1986,165520
Spawners,Hecate Lowlands,Chum,1987,93612
Spawners,Hecate Lowlands,Chum,1988,137354
Spawners,Hecate Lowlands,Chum,1989,123090
Spawners,Hecate Lowlands,Chum,1990,167413
Spawners,Hecate Lowlands,Chum,1991,87058
Spawners,Hecate Lowlands,Chum,1992,48538
Spawners,Hecate Lowlands,Chum,1993,72527
Spawners,Hecate Lowlands,Chum,1994,71832
Spawners,Hecate Lowlands,Chum,1995,123600
Spawners,Hecate Lowlands,Chum,1996,124998
Spawners,Hecate Lowlands,Chum,1997,104521
Spawners,Hecate Lowlands,Chum,1998,275959
Spawners,Hecate Lowlands,Chum,1999,67859
Spawners,Hecate Lowlands,Chum,2000,54311
Spawners,Hecate Lowlands,Chum,2001,88381
Spawners,Hecate Lowlands,Chum,2002,118510
Spawners,Hecate Lowlands,Chum,2003,128606
Spawners,Hecate Lowlands,Chum,2004,144752
Spawners,Hecate Lowlands,Chum,2005,84611
Spawners,Hecate Lowlands,Chum,2006,112062
Spawners,Hecate Lowlands,Chum,2007,57828
Spawners,Hecate Lowlands,Chum,2008,74997
Spawners,Hecate Lowlands,Chum,2009,122692
Spawners,Hecate Lowlands,Chum,2010,88804
Spawners,Hecate Lowlands,Chum,2011,113839
Spawners,Hecate Lowlands,Chum,2012,75080
Spawners,Lower Nass,Chum,1958,67749
Spawners,Lower Nass,Chum,1959,149049
Spawners,Lower Nass,Chum,1960,94849
Spawners,Lower Nass,Chum,1961,203248
Spawners,Lower Nass,Chum,1963,54200
Spawners,Lower Nass,Chum,1964,406496
Spawners,Lower Nass,Chum,1965,54200
Spawners,Lower Nass,Chum,1966,203248
Spawners,Lower Nass,Chum,1967,203248
Spawners,Lower Nass,Chum,1968,6775
Spawners,Lower Nass,Chum,1970,20325
Spawners,Lower Nass,Chum,1974,2710
Spawners,Lower Nass,Chum,1976,13550
Spawners,Lower Nass,Chum,1981,2710
Spawners,Lower Nass,Chum,1982,6775
Spawners,Lower Nass,Chum,1983,5420
Spawners,Lower Nass,Chum,1987,6775
Spawners,Lower Nass,Chum,1988,27100
Spawners,Lower Nass,Chum,1989,5420
Spawners,Lower Nass,Chum,1990,5420
Spawners,Lower Nass,Chum,1991,5420
Spawners,Lower Nass,Chum,2005,18970
Spawners,Lower Nass,Chum,2009,13821
Spawners,Lower Nass,Chum,2010,18428
Spawners,Lower Nass,Chum,2011,21680
Spawners,Lower Nass,Chum,2012,8672
Spawners,Lower Skeena-CM,Chum,1954,34152.46315
Spawners,Lower Skeena-CM,Chum,1955,513.5201928
Spawners,Lower Skeena-CM,Chum,1956,6213.208764
Spawners,Lower Skeena-CM,Chum,1957,3455.198095
Spawners,Lower Skeena-CM,Chum,1958,6867.476712
Spawners,Lower Skeena-CM,Chum,1961,78560.72653
Spawners,Lower Skeena-CM,Chum,1962,17292.6209
Spawners,Lower Skeena-CM,Chum,1963,8901.016676
Spawners,Lower Skeena-CM,Chum,1964,8775.673838
Spawners,Lower Skeena-CM,Chum,1965,8754.187744
Spawners,Lower Skeena-CM,Chum,1966,32639.38237
Spawners,Lower Skeena-CM,Chum,1967,26685.61881
Spawners,Lower Skeena-CM,Chum,1968,18712.4514
Spawners,Lower Skeena-CM,Chum,1969,18270.18425
Spawners,Lower Skeena-CM,Chum,1970,19308.23803
Spawners,Lower Skeena-CM,Chum,1971,7037.54864
Spawners,Lower Skeena-CM,Chum,1972,55158.79569
Spawners,Lower Skeena-CM,Chum,1973,37605.85203
Spawners,Lower Skeena-CM,Chum,1974,16223.1752
Spawners,Lower Skeena-CM,Chum,1975,13138.11238
Spawners,Lower Skeena-CM,Chum,1976,14733.83453
Spawners,Lower Skeena-CM,Chum,1977,14787.02527
Spawners,Lower Skeena-CM,Chum,1978,10159.43103
Spawners,Lower Skeena-CM,Chum,1979,7733.93336
Spawners,Lower Skeena-CM,Chum,1980,39361.1464
Spawners,Lower Skeena-CM,Chum,1981,17967.83142
Spawners,Lower Skeena-CM,Chum,1982,9389.93567
Spawners,Lower Skeena-CM,Chum,1983,2330.473164
Spawners,Lower Skeena-CM,Chum,1984,55531.13086
Spawners,Lower Skeena-CM,Chum,1985,22999.67527
Spawners,Lower Skeena-CM,Chum,1986,16265.72779
Spawners,Lower Skeena-CM,Chum,1987,8510.51814
Spawners,Lower Skeena-CM,Chum,1988,169086.8851
Spawners,Lower Skeena-CM,Chum,1989,33935.69108
Spawners,Lower Skeena-CM,Chum,1990,6265.322209
Spawners,Lower Skeena-CM,Chum,1991,4394.18376
Spawners,Lower Skeena-CM,Chum,1992,7046.704441
Spawners,Lower Skeena-CM,Chum,1993,18257.21483
Spawners,Lower Skeena-CM,Chum,1994,15065.14815
Spawners,Lower Skeena-CM,Chum,1995,14942.1112
Spawners,Lower Skeena-CM,Chum,1996,16017.08323
Spawners,Lower Skeena-CM,Chum,1997,45041.32801
Spawners,Lower Skeena-CM,Chum,1998,29239.23919
Spawners,Lower Skeena-CM,Chum,1999,6168.242489
Spawners,Lower Skeena-CM,Chum,2000,10279.45075
Spawners,Lower Skeena-CM,Chum,2001,19011.4573
Spawners,Lower Skeena-CM,Chum,2002,7307.424191
Spawners,Lower Skeena-CM,Chum,2003,9588.390107
Spawners,Lower Skeena-CM,Chum,2004,24858.78917
Spawners,Lower Skeena-CM,Chum,2005,24258.36011
Spawners,Lower Skeena-CM,Chum,2007,7938.578222
Spawners,Lower Skeena-CM,Chum,2008,3969.289111
Spawners,Lower Skeena-CM,Chum,2009,5011.02212
Spawners,Lower Skeena-CM,Chum,2010,4555.43696
Spawners,Lower Skeena-CM,Chum,2011,7173.53317
Spawners,Lower Skeena-CM,Chum,2012,4588.81582
Spawners,Middle Skeena-CM,Chum,1954,51185.75413
Spawners,Middle Skeena-CM,Chum,1955,21936.75177
Spawners,Middle Skeena-CM,Chum,1956,51185.75413
Spawners,Middle Skeena-CM,Chum,1957,5849.800472
Spawners,Middle Skeena-CM,Chum,1958,5849.800472
Spawners,Middle Skeena-CM,Chum,1959,10968.37588
Spawners,Middle Skeena-CM,Chum,1960,266.3942594
Spawners,Middle Skeena-CM,Chum,1961,365.6125295
Spawners,Middle Skeena-CM,Chum,1962,133.1971297
Spawners,Middle Skeena-CM,Chum,1964,1531.766992
Spawners,Middle Skeena-CM,Chum,1965,1132.175602
Spawners,Middle Skeena-CM,Chum,1966,599.3870837
Spawners,Middle Skeena-CM,Chum,1967,488.5912894
Spawners,Middle Skeena-CM,Chum,1968,1096.837588
Spawners,Middle Skeena-CM,Chum,1969,266.3942594
Spawners,Middle Skeena-CM,Chum,1970,286.3237548
Spawners,Middle Skeena-CM,Chum,1971,286.3237548
Spawners,Middle Skeena-CM,Chum,1972,2530.745464
Spawners,Middle Skeena-CM,Chum,1973,1265.372732
Spawners,Middle Skeena-CM,Chum,1974,1598.365556
Spawners,Middle Skeena-CM,Chum,1975,1065.577038
Spawners,Middle Skeena-CM,Chum,1976,399.5913891
Spawners,Middle Skeena-CM,Chum,1977,599.3870837
Spawners,Middle Skeena-CM,Chum,1978,599.3870837
Spawners,Middle Skeena-CM,Chum,1981,5939.381102
Spawners,Middle Skeena-CM,Chum,1982,2375.752441
Spawners,Middle Skeena-CM,Chum,1983,2375.752441
Spawners,Middle Skeena-CM,Chum,1984,5407.803466
Spawners,Middle Skeena-CM,Chum,1985,8315.133542
Spawners,Middle Skeena-CM,Chum,1986,2020.614189
Spawners,Middle Skeena-CM,Chum,1987,1212.368514
Spawners,Middle Skeena-CM,Chum,1988,13470.76126
Spawners,Middle Skeena-CM,Chum,1989,4041.228378
Spawners,Middle Skeena-CM,Chum,1990,4262.30815
Spawners,Middle Skeena-CM,Chum,1991,4195.709586
Spawners,Middle Skeena-CM,Chum,1992,3329.928243
Spawners,Middle Skeena-CM,Chum,1993,1630.332868
Spawners,Middle Skeena-CM,Chum,1994,1440.410029
Spawners,Middle Skeena-CM,Chum,1995,1008.28702
Spawners,Middle Skeena-CM,Chum,1996,864.2460174
Spawners,Middle Skeena-CM,Chum,1997,576.1640116
Spawners,Middle Skeena-CM,Chum,1998,1152.328023
Spawners,Middle Skeena-CM,Chum,2003,3273.969665
Spawners,Middle Skeena-CM,Chum,2004,3637.744072
Spawners,Middle Skeena-CM,Chum,2005,3473.579212
Spawners,Middle Skeena-CM,Chum,2006,1277.8742
Spawners,Middle Skeena-CM,Chum,2007,660.3904624
Spawners,Middle Skeena-CM,Chum,2008,279.8264671
Spawners,Middle Skeena-CM,Chum,2009,1546.507608
Spawners,Middle Skeena-CM,Chum,2010,706.8327683
Spawners,Middle Skeena-CM,Chum,2011,858.1344991
Spawners,Middle Skeena-CM,Chum,2012,794.7071666
Spawners,Mussel-Kynock,Chum,1954,164085
Spawners,Mussel-Kynock,Chum,1955,106048
Spawners,Mussel-Kynock,Chum,1956,49513
Spawners,Mussel-Kynock,Chum,1957,71258
Spawners,Mussel-Kynock,Chum,1958,257316
Spawners,Mussel-Kynock,Chum,1959,41878
Spawners,Mussel-Kynock,Chum,1960,110958
Spawners,Mussel-Kynock,Chum,1961,43575
Spawners,Mussel-Kynock,Chum,1962,144468
Spawners,Mussel-Kynock,Chum,1963,90974
Spawners,Mussel-Kynock,Chum,1964,137889
Spawners,Mussel-Kynock,Chum,1965,53604
Spawners,Mussel-Kynock,Chum,1966,112424
Spawners,Mussel-Kynock,Chum,1967,157580
Spawners,Mussel-Kynock,Chum,1968,194804
Spawners,Mussel-Kynock,Chum,1969,80418
Spawners,Mussel-Kynock,Chum,1970,120561
Spawners,Mussel-Kynock,Chum,1971,81437
Spawners,Mussel-Kynock,Chum,1972,118310
Spawners,Mussel-Kynock,Chum,1973,212839
Spawners,Mussel-Kynock,Chum,1974,162513
Spawners,Mussel-Kynock,Chum,1975,72225
Spawners,Mussel-Kynock,Chum,1976,39581
Spawners,Mussel-Kynock,Chum,1977,15114
Spawners,Mussel-Kynock,Chum,1978,125517
Spawners,Mussel-Kynock,Chum,1979,51335
Spawners,Mussel-Kynock,Chum,1980,60943
Spawners,Mussel-Kynock,Chum,1981,117226
Spawners,Mussel-Kynock,Chum,1982,102654
Spawners,Mussel-Kynock,Chum,1983,47073
Spawners,Mussel-Kynock,Chum,1984,47776
Spawners,Mussel-Kynock,Chum,1985,123536
Spawners,Mussel-Kynock,Chum,1986,171672
Spawners,Mussel-Kynock,Chum,1987,80879
Spawners,Mussel-Kynock,Chum,1988,120949
Spawners,Mussel-Kynock,Chum,1989,110953
Spawners,Mussel-Kynock,Chum,1990,87334
Spawners,Mussel-Kynock,Chum,1991,130686
Spawners,Mussel-Kynock,Chum,1992,29698
Spawners,Mussel-Kynock,Chum,1993,37148
Spawners,Mussel-Kynock,Chum,1994,98344
Spawners,Mussel-Kynock,Chum,1995,191371
Spawners,Mussel-Kynock,Chum,1996,109279
Spawners,Mussel-Kynock,Chum,1997,101673
Spawners,Mussel-Kynock,Chum,1998,267973
Spawners,Mussel-Kynock,Chum,1999,131791
Spawners,Mussel-Kynock,Chum,2000,127125
Spawners,Mussel-Kynock,Chum,2001,210851
Spawners,Mussel-Kynock,Chum,2002,159466
Spawners,Mussel-Kynock,Chum,2003,252815
Spawners,Mussel-Kynock,Chum,2004,177078
Spawners,Mussel-Kynock,Chum,2005,178436
Spawners,Mussel-Kynock,Chum,2006,121902
Spawners,Mussel-Kynock,Chum,2007,60726
Spawners,Mussel-Kynock,Chum,2008,31737
Spawners,Mussel-Kynock,Chum,2009,33646
Spawners,Mussel-Kynock,Chum,2010,38895
Spawners,Mussel-Kynock,Chum,2011,206392
Spawners,Mussel-Kynock,Chum,2012,108962
Spawners,Portland Canal-Observatory,Chum,1954,15177
Spawners,Portland Canal-Observatory,Chum,1956,37119
Spawners,Portland Canal-Observatory,Chum,1957,56252
Spawners,Portland Canal-Observatory,Chum,1958,61534
Spawners,Portland Canal-Observatory,Chum,1959,191176
Spawners,Portland Canal-Observatory,Chum,1960,57023
Spawners,Portland Canal-Observatory,Chum,1961,92384
Spawners,Portland Canal-Observatory,Chum,1962,6537
Spawners,Portland Canal-Observatory,Chum,1963,51635
Spawners,Portland Canal-Observatory,Chum,1964,50879
Spawners,Portland Canal-Observatory,Chum,1965,21776
Spawners,Portland Canal-Observatory,Chum,1966,14847
Spawners,Portland Canal-Observatory,Chum,1967,13717
Spawners,Portland Canal-Observatory,Chum,1968,24348
Spawners,Portland Canal-Observatory,Chum,1969,9898
Spawners,Portland Canal-Observatory,Chum,1970,14353
Spawners,Portland Canal-Observatory,Chum,1971,16992
Spawners,Portland Canal-Observatory,Chum,1972,47017
Spawners,Portland Canal-Observatory,Chum,1973,50375
Spawners,Portland Canal-Observatory,Chum,1974,136927
Spawners,Portland Canal-Observatory,Chum,1975,27706
Spawners,Portland Canal-Observatory,Chum,1976,70351
Spawners,Portland Canal-Observatory,Chum,1977,52443
Spawners,Portland Canal-Observatory,Chum,1978,58359
Spawners,Portland Canal-Observatory,Chum,1979,50937
Spawners,Portland Canal-Observatory,Chum,1980,53767
Spawners,Portland Canal-Observatory,Chum,1981,15721
Spawners,Portland Canal-Observatory,Chum,1982,18622
Spawners,Portland Canal-Observatory,Chum,1983,47754
Spawners,Portland Canal-Observatory,Chum,1984,56126
Spawners,Portland Canal-Observatory,Chum,1985,38912
Spawners,Portland Canal-Observatory,Chum,1986,42254
Spawners,Portland Canal-Observatory,Chum,1987,35574
Spawners,Portland Canal-Observatory,Chum,1988,28564
Spawners,Portland Canal-Observatory,Chum,1989,40028
Spawners,Portland Canal-Observatory,Chum,1990,41016
Spawners,Portland Canal-Observatory,Chum,1991,26710
Spawners,Portland Canal-Observatory,Chum,1992,28063
Spawners,Portland Canal-Observatory,Chum,1993,98281
Spawners,Portland Canal-Observatory,Chum,1994,73816
Spawners,Portland Canal-Observatory,Chum,1995,49051
Spawners,Portland Canal-Observatory,Chum,1996,25500
Spawners,Portland Canal-Observatory,Chum,1997,22454
Spawners,Portland Canal-Observatory,Chum,1998,153858
Spawners,Portland Canal-Observatory,Chum,1999,35179
Spawners,Portland Canal-Observatory,Chum,2000,18466
Spawners,Portland Canal-Observatory,Chum,2001,30223
Spawners,Portland Canal-Observatory,Chum,2002,14712
Spawners,Portland Canal-Observatory,Chum,2003,64366
Spawners,Portland Canal-Observatory,Chum,2004,49267
Spawners,Portland Canal-Observatory,Chum,2005,30012
Spawners,Portland Canal-Observatory,Chum,2006,51411
Spawners,Portland Canal-Observatory,Chum,2007,10971
Spawners,Portland Canal-Observatory,Chum,2008,3045
Spawners,Portland Canal-Observatory,Chum,2009,20176
Spawners,Portland Canal-Observatory,Chum,2010,8435
Spawners,Portland Canal-Observatory,Chum,2011,6198
Spawners,Portland Canal-Observatory,Chum,2012,15673
Spawners,Portland Inlet,Chum,1954,21704
Spawners,Portland Inlet,Chum,1955,4324
Spawners,Portland Inlet,Chum,1956,18528
Spawners,Portland Inlet,Chum,1957,33235
Spawners,Portland Inlet,Chum,1958,22891
Spawners,Portland Inlet,Chum,1959,15622
Spawners,Portland Inlet,Chum,1960,16567
Spawners,Portland Inlet,Chum,1961,21161
Spawners,Portland Inlet,Chum,1962,61409
Spawners,Portland Inlet,Chum,1963,40165
Spawners,Portland Inlet,Chum,1964,75517
Spawners,Portland Inlet,Chum,1965,22310
Spawners,Portland Inlet,Chum,1966,33194
Spawners,Portland Inlet,Chum,1967,23134
Spawners,Portland Inlet,Chum,1968,44180
Spawners,Portland Inlet,Chum,1969,26555
Spawners,Portland Inlet,Chum,1970,34742
Spawners,Portland Inlet,Chum,1971,21402
Spawners,Portland Inlet,Chum,1972,63021
Spawners,Portland Inlet,Chum,1973,45246
Spawners,Portland Inlet,Chum,1974,51441
Spawners,Portland Inlet,Chum,1975,20638
Spawners,Portland Inlet,Chum,1976,22623
Spawners,Portland Inlet,Chum,1977,40072
Spawners,Portland Inlet,Chum,1978,35712
Spawners,Portland Inlet,Chum,1979,11150
Spawners,Portland Inlet,Chum,1980,20811
Spawners,Portland Inlet,Chum,1981,7039
Spawners,Portland Inlet,Chum,1982,11783
Spawners,Portland Inlet,Chum,1983,16067
Spawners,Portland Inlet,Chum,1984,32134
Spawners,Portland Inlet,Chum,1985,33707
Spawners,Portland Inlet,Chum,1986,5891
Spawners,Portland Inlet,Chum,1987,11553
Spawners,Portland Inlet,Chum,1988,42233
Spawners,Portland Inlet,Chum,1989,12755
Spawners,Portland Inlet,Chum,1990,7108
Spawners,Portland Inlet,Chum,1991,19013
Spawners,Portland Inlet,Chum,1992,11055
Spawners,Portland Inlet,Chum,1993,27208
Spawners,Portland Inlet,Chum,1994,16680
Spawners,Portland Inlet,Chum,1995,13401
Spawners,Portland Inlet,Chum,1996,9681
Spawners,Portland Inlet,Chum,1997,12576
Spawners,Portland Inlet,Chum,1998,63836
Spawners,Portland Inlet,Chum,1999,18074
Spawners,Portland Inlet,Chum,2000,16969
Spawners,Portland Inlet,Chum,2001,18213
Spawners,Portland Inlet,Chum,2002,15972
Spawners,Portland Inlet,Chum,2003,8173
Spawners,Portland Inlet,Chum,2004,39208
Spawners,Portland Inlet,Chum,2005,20604
Spawners,Portland Inlet,Chum,2006,22927
Spawners,Portland Inlet,Chum,2007,18278
Spawners,Portland Inlet,Chum,2008,21100
Spawners,Portland Inlet,Chum,2009,14218
Spawners,Portland Inlet,Chum,2010,8731
Spawners,Portland Inlet,Chum,2011,9599
Spawners,Portland Inlet,Chum,2012,13791
Spawners,Rivers Inlet,Chum,1954,25165
Spawners,Rivers Inlet,Chum,1955,3600
Spawners,Rivers Inlet,Chum,1956,11294
Spawners,Rivers Inlet,Chum,1957,16342
Spawners,Rivers Inlet,Chum,1958,95202
Spawners,Rivers Inlet,Chum,1959,8874
Spawners,Rivers Inlet,Chum,1960,19019
Spawners,Rivers Inlet,Chum,1961,15132
Spawners,Rivers Inlet,Chum,1962,19774
Spawners,Rivers Inlet,Chum,1963,19585
Spawners,Rivers Inlet,Chum,1964,22792
Spawners,Rivers Inlet,Chum,1965,1253
Spawners,Rivers Inlet,Chum,1966,58755
Spawners,Rivers Inlet,Chum,1967,11049
Spawners,Rivers Inlet,Chum,1968,17271
Spawners,Rivers Inlet,Chum,1969,3009
Spawners,Rivers Inlet,Chum,1970,24819
Spawners,Rivers Inlet,Chum,1971,12483
Spawners,Rivers Inlet,Chum,1972,24665
Spawners,Rivers Inlet,Chum,1973,10825
Spawners,Rivers Inlet,Chum,1974,37268
Spawners,Rivers Inlet,Chum,1975,8943
Spawners,Rivers Inlet,Chum,1976,954
Spawners,Rivers Inlet,Chum,1977,3387
Spawners,Rivers Inlet,Chum,1978,37633
Spawners,Rivers Inlet,Chum,1979,4433
Spawners,Rivers Inlet,Chum,1980,23076
Spawners,Rivers Inlet,Chum,1981,13466
Spawners,Rivers Inlet,Chum,1982,187782
Spawners,Rivers Inlet,Chum,1983,51113
Spawners,Rivers Inlet,Chum,1984,9584
Spawners,Rivers Inlet,Chum,1985,43902
Spawners,Rivers Inlet,Chum,1986,267784
Spawners,Rivers Inlet,Chum,1987,92600
Spawners,Rivers Inlet,Chum,1988,24275
Spawners,Rivers Inlet,Chum,1989,4678
Spawners,Rivers Inlet,Chum,1990,4555
Spawners,Rivers Inlet,Chum,1991,2374
Spawners,Rivers Inlet,Chum,1992,8900
Spawners,Rivers Inlet,Chum,1993,1518
Spawners,Rivers Inlet,Chum,1994,9511
Spawners,Rivers Inlet,Chum,1995,27199
Spawners,Rivers Inlet,Chum,1996,10471
Spawners,Rivers Inlet,Chum,1997,10028
Spawners,Rivers Inlet,Chum,1998,68081
Spawners,Rivers Inlet,Chum,1999,17771
Spawners,Rivers Inlet,Chum,2000,124300
Spawners,Rivers Inlet,Chum,2001,22436
Spawners,Rivers Inlet,Chum,2002,104389
Spawners,Rivers Inlet,Chum,2003,147023
Spawners,Rivers Inlet,Chum,2004,107641
Spawners,Rivers Inlet,Chum,2005,108619
Spawners,Rivers Inlet,Chum,2006,53136
Spawners,Rivers Inlet,Chum,2007,58743
Spawners,Rivers Inlet,Chum,2008,5528
Spawners,Rivers Inlet,Chum,2009,7646
Spawners,Rivers Inlet,Chum,2010,3379
Spawners,Rivers Inlet,Chum,2011,14757
Spawners,Rivers Inlet,Chum,2012,7818
Spawners,Skeena Estuary-CM,Chum,1954,6416.65645
Spawners,Skeena Estuary-CM,Chum,1955,661.8921715
Spawners,Skeena Estuary-CM,Chum,1956,582.2521594
Spawners,Skeena Estuary-CM,Chum,1957,5675.688085
Spawners,Skeena Estuary-CM,Chum,1958,891.2022848
Spawners,Skeena Estuary-CM,Chum,1959,653.5483422
Spawners,Skeena Estuary-CM,Chum,1960,1481.524927
Spawners,Skeena Estuary-CM,Chum,1961,2327.259433
Spawners,Skeena Estuary-CM,Chum,1962,1219.040655
Spawners,Skeena Estuary-CM,Chum,1963,2098.826979
Spawners,Skeena Estuary-CM,Chum,1964,3086.510264
Spawners,Skeena Estuary-CM,Chum,1965,3243.659711
Spawners,Skeena Estuary-CM,Chum,1966,1481.524927
Spawners,Skeena Estuary-CM,Chum,1967,886.5750219
Spawners,Skeena Estuary-CM,Chum,1968,1820.838794
Spawners,Skeena Estuary-CM,Chum,1969,261.4906832
Spawners,Skeena Estuary-CM,Chum,1972,963.6673469
Spawners,Skeena Estuary-CM,Chum,1973,963.6673469
Spawners,Skeena Estuary-CM,Chum,1976,963.6673469
Spawners,Skeena Estuary-CM,Chum,1978,702.6741071
Spawners,Skeena Estuary-CM,Chum,1982,504.2992027
Spawners,Skeena Estuary-CM,Chum,1983,84.04986711
Spawners,Skeena Estuary-CM,Chum,1984,840.4986711
Spawners,Skeena Estuary-CM,Chum,1986,1138.740135
Spawners,Skeena Estuary-CM,Chum,1988,588.3490698
Spawners,Skeena Estuary-CM,Chum,1989,364.3968432
Spawners,Skeena Estuary-CM,Chum,1992,257.0829602
Spawners,Skeena Estuary-CM,Chum,1993,1071.179001
Spawners,Skeena Estuary-CM,Chum,1995,2142.358002
Spawners,Skeena Estuary-CM,Chum,1998,2999.301203
Spawners,Skeena Estuary-CM,Chum,2000,209.0038225
Spawners,Skeena Estuary-CM,Chum,2002,279.0201031
Spawners,Skeena Estuary-CM,Chum,2004,186.0134021
Spawners,Skeena Estuary-CM,Chum,2005,1395.100515
Spawners,Skeena Estuary-CM,Chum,2006,3255.234536
Spawners,Skeena Estuary-CM,Chum,2009,1860.134021
Spawners,Skeena Estuary-CM,Chum,2010,976.5703608
Spawners,Smith Inlet,Chum,1954,47473
Spawners,Smith Inlet,Chum,1955,10207
Spawners,Smith Inlet,Chum,1956,28484
Spawners,Smith Inlet,Chum,1957,29671
Spawners,Smith Inlet,Chum,1958,90199
Spawners,Smith Inlet,Chum,1959,27891
Spawners,Smith Inlet,Chum,1960,36793
Spawners,Smith Inlet,Chum,1961,22812
Spawners,Smith Inlet,Chum,1962,48567
Spawners,Smith Inlet,Chum,1963,68436
Spawners,Smith Inlet,Chum,1964,67405
Spawners,Smith Inlet,Chum,1965,4710
Spawners,Smith Inlet,Chum,1967,45403
Spawners,Smith Inlet,Chum,1968,54675
Spawners,Smith Inlet,Chum,1969,7800
Spawners,Smith Inlet,Chum,1970,54233
Spawners,Smith Inlet,Chum,1971,25775
Spawners,Smith Inlet,Chum,1972,101978
Spawners,Smith Inlet,Chum,1973,150165
Spawners,Smith Inlet,Chum,1974,61635
Spawners,Smith Inlet,Chum,1975,23533
Spawners,Smith Inlet,Chum,1976,25775
Spawners,Smith Inlet,Chum,1977,103099
Spawners,Smith Inlet,Chum,1978,75249
Spawners,Smith Inlet,Chum,1979,17419
Spawners,Smith Inlet,Chum,1980,113992
Spawners,Smith Inlet,Chum,1981,118201
Spawners,Smith Inlet,Chum,1982,154327
Spawners,Smith Inlet,Chum,1983,77690
Spawners,Smith Inlet,Chum,1984,33671
Spawners,Smith Inlet,Chum,1985,54014
Spawners,Smith Inlet,Chum,1986,136412
Spawners,Smith Inlet,Chum,1987,80482
Spawners,Smith Inlet,Chum,1988,92676
Spawners,Smith Inlet,Chum,1989,31989
Spawners,Smith Inlet,Chum,1990,70550
Spawners,Smith Inlet,Chum,1991,47710
Spawners,Smith Inlet,Chum,1992,23106
Spawners,Smith Inlet,Chum,1993,27373
Spawners,Smith Inlet,Chum,1994,31237
Spawners,Smith Inlet,Chum,1995,75356
Spawners,Smith Inlet,Chum,1996,46051
Spawners,Smith Inlet,Chum,1997,11118
Spawners,Smith Inlet,Chum,1998,16738
Spawners,Smith Inlet,Chum,1999,27051
Spawners,Smith Inlet,Chum,2000,51001
Spawners,Smith Inlet,Chum,2001,97329
Spawners,Smith Inlet,Chum,2002,132704
Spawners,Smith Inlet,Chum,2003,116339
Spawners,Smith Inlet,Chum,2004,103762
Spawners,Smith Inlet,Chum,2005,38483
Spawners,Smith Inlet,Chum,2006,70496
Spawners,Smith Inlet,Chum,2007,30350
Spawners,Smith Inlet,Chum,2008,23752
Spawners,Smith Inlet,Chum,2009,29744
Spawners,Smith Inlet,Chum,2010,7546
Spawners,Smith Inlet,Chum,2011,14875
Spawners,Smith Inlet,Chum,2012,15450
Spawners,Spiller-Fitz-Hugh-Burke,Chum,1954,411241
Spawners,Spiller-Fitz-Hugh-Burke,Chum,1955,269946
Spawners,Spiller-Fitz-Hugh-Burke,Chum,1956,374235
Spawners,Spiller-Fitz-Hugh-Burke,Chum,1957,308579
Spawners,Spiller-Fitz-Hugh-Burke,Chum,1958,265956
Spawners,Spiller-Fitz-Hugh-Burke,Chum,1959,238374
Spawners,Spiller-Fitz-Hugh-Burke,Chum,1960,106247
Spawners,Spiller-Fitz-Hugh-Burke,Chum,1961,130739
Spawners,Spiller-Fitz-Hugh-Burke,Chum,1962,319314
Spawners,Spiller-Fitz-Hugh-Burke,Chum,1963,288636
Spawners,Spiller-Fitz-Hugh-Burke,Chum,1964,261023
Spawners,Spiller-Fitz-Hugh-Burke,Chum,1965,92766
Spawners,Spiller-Fitz-Hugh-Burke,Chum,1966,698379
Spawners,Spiller-Fitz-Hugh-Burke,Chum,1967,197001
Spawners,Spiller-Fitz-Hugh-Burke,Chum,1968,485564
Spawners,Spiller-Fitz-Hugh-Burke,Chum,1969,327512
Spawners,Spiller-Fitz-Hugh-Burke,Chum,1970,589602
Spawners,Spiller-Fitz-Hugh-Burke,Chum,1971,330286
Spawners,Spiller-Fitz-Hugh-Burke,Chum,1972,421659
Spawners,Spiller-Fitz-Hugh-Burke,Chum,1973,553868
Spawners,Spiller-Fitz-Hugh-Burke,Chum,1974,302066
Spawners,Spiller-Fitz-Hugh-Burke,Chum,1975,139153
Spawners,Spiller-Fitz-Hugh-Burke,Chum,1976,165095
Spawners,Spiller-Fitz-Hugh-Burke,Chum,1977,252404
Spawners,Spiller-Fitz-Hugh-Burke,Chum,1978,291272
Spawners,Spiller-Fitz-Hugh-Burke,Chum,1979,221654
Spawners,Spiller-Fitz-Hugh-Burke,Chum,1980,166592
Spawners,Spiller-Fitz-Hugh-Burke,Chum,1981,164152
Spawners,Spiller-Fitz-Hugh-Burke,Chum,1982,274801
Spawners,Spiller-Fitz-Hugh-Burke,Chum,1983,174649
Spawners,Spiller-Fitz-Hugh-Burke,Chum,1984,219427
Spawners,Spiller-Fitz-Hugh-Burke,Chum,1985,219257
Spawners,Spiller-Fitz-Hugh-Burke,Chum,1986,195653
Spawners,Spiller-Fitz-Hugh-Burke,Chum,1987,156384
Spawners,Spiller-Fitz-Hugh-Burke,Chum,1988,282305
Spawners,Spiller-Fitz-Hugh-Burke,Chum,1989,142658
Spawners,Spiller-Fitz-Hugh-Burke,Chum,1990,185993
Spawners,Spiller-Fitz-Hugh-Burke,Chum,1991,173374
Spawners,Spiller-Fitz-Hugh-Burke,Chum,1992,74496
Spawners,Spiller-Fitz-Hugh-Burke,Chum,1993,138819
Spawners,Spiller-Fitz-Hugh-Burke,Chum,1994,109131
Spawners,Spiller-Fitz-Hugh-Burke,Chum,1995,248195
Spawners,Spiller-Fitz-Hugh-Burke,Chum,1996,384407
Spawners,Spiller-Fitz-Hugh-Burke,Chum,1997,266587
Spawners,Spiller-Fitz-Hugh-Burke,Chum,1998,276320
Spawners,Spiller-Fitz-Hugh-Burke,Chum,1999,219327
Spawners,Spiller-Fitz-Hugh-Burke,Chum,2000,211749
Spawners,Spiller-Fitz-Hugh-Burke,Chum,2001,257383
Spawners,Spiller-Fitz-Hugh-Burke,Chum,2002,248552
Spawners,Spiller-Fitz-Hugh-Burke,Chum,2003,358213
Spawners,Spiller-Fitz-Hugh-Burke,Chum,2004,397003
Spawners,Spiller-Fitz-Hugh-Burke,Chum,2005,212375
Spawners,Spiller-Fitz-Hugh-Burke,Chum,2006,209981
Spawners,Spiller-Fitz-Hugh-Burke,Chum,2007,106439
Spawners,Spiller-Fitz-Hugh-Burke,Chum,2008,89309
Spawners,Spiller-Fitz-Hugh-Burke,Chum,2009,193755
Spawners,Spiller-Fitz-Hugh-Burke,Chum,2010,162859
Spawners,Spiller-Fitz-Hugh-Burke,Chum,2011,355746
Spawners,Spiller-Fitz-Hugh-Burke,Chum,2012,244039
